edgeID,startNode,endNode
ACONF00102_AHALL00102,ACONF00102,AHALL00102
ACONF00103_AHALL00503,ACONF00103,AHALL00503
ACONF0010G_AHALL0060G,ACONF0010G,AHALL0060G
ACONF0010G_AHALL0070G,ACONF0010G,AHALL0070G
ACONF0010G_AHALL0080G,ACONF0010G,AHALL0080G
ADEPT00101_AHALL00401,ADEPT00101,AHALL00401
ADEPT00102_AHALL00502,ADEPT00102,AHALL00502
ADEPT0010G_AHALL0040G,ADEPT0010G,AHALL0040G
ADEPT00201_AHALL00601,AHALL00601,ADEPT00201
ADEPT0020G_AHALL0110G,ADEPT0020G,AHALL0110G
ADEPT00301_AHALL00701,AHALL00701,ADEPT00301
AELEV00S01_AELEV00S02,AELEV00S01,AELEV00S02
AELEV00S01_AELEV00S03,AELEV00S01,AELEV00S03
AELEV00S01_AHALL00801,AELEV00S01,AHALL00801
AELEV00S02_AELEV00S03,AELEV00S02,AELEV00S03
AELEV00S02_AHALL00402,AELEV00S02,AHALL00402
AELEV00S03_AHALL00103,AELEV00S03,AHALL00103
AELEV00S0G_AELEV00S01,AELEV00S0G,AELEV00S01
AELEV00S0G_AELEV00S02,AELEV00S0G,AELEV00S02
AELEV00S0G_AELEV00S03,AELEV00S0G,AELEV00S03
AELEV00S0G_AHALL0090G,AELEV00S0G,AHALL0090G
AELEV00SL2_AELEV00S01,AELEV00SL2,AELEV00S01
AELEV00SL2_AELEV00S02,AELEV00SL2,AELEV00S02
AELEV00SL2_AELEV00S03,AELEV00SL2,AELEV00S03
AELEV00SL2_AELEV00S0G,AELEV00SL2,AELEV00S0G
AELEV00SL2_AHALL001L2,AHALL001L2,AELEV00SL2
AHALL00101_AHALL00201,AHALL00201,AHALL00101
AHALL00101_AHALL00901,AHALL00101,AHALL00901
AHALL00101_ARETL00101,ARETL00101,AHALL00101
AHALL00102_ACONF00102,ACONF00102,AHALL00102
AHALL00102_AHALL00202,AHALL00202,AHALL00102
AHALL00102_AHALL00602,AHALL00602,AHALL00102
AHALL00103_AELEV00S03,AELEV00S03,AHALL00103
AHALL00103_AHALL00203,AHALL00203,AHALL00103
AHALL0010G_AEXIT0010G,AHALL0010G,AEXIT0010G
AHALL001L2_AELEV00SL2,AHALL001L2,AELEV00SL2
AHALL001L2_AHALL002L2,AHALL002L2,AHALL001L2
AHALL00201_AHALL00101,AHALL00201,AHALL00101
AHALL00201_AHALL00301,AHALL00301,AHALL00201
AHALL00201_AHALL00901,AHALL00201,AHALL00901
AHALL00201_ASTAI00101,ASTAI00101,AHALL00201
AHALL00202_AHALL00102,AHALL00202,AHALL00102
AHALL00202_AHALL00302,AHALL00302,AHALL00202
AHALL00202_ASTAI00102,ASTAI00102,AHALL00202
AHALL00203_AHALL00103,AHALL00203,AHALL00103
AHALL00203_AHALL00303,AHALL00303,AHALL00203
AHALL00203_ALABS00103,ALABS00103,AHALL00203
AHALL0020G_AHALL0010G,AHALL0020G,AHALL0010G
AHALL0020G_AHALL0060G,AHALL0020G,AHALL0060G
AHALL002L2_AEXIT001L2,AHALL002L2,AEXIT001L2
AHALL002L2_AHALL001L2,AHALL002L2,AHALL001L2
AHALL002L2_AHALL003L2,AHALL002L2,AHALL003L2
AHALL002L2_AINFO001L2,AINFO001L2,AHALL002L2
AHALL00301_AHALL00201,AHALL00301,AHALL00201
AHALL00301_AHALL00401,AHALL00401,AHALL00301
AHALL00301_AHALL00801,AHALL00801,AHALL00301
AHALL00302_AHALL00202,AHALL00302,AHALL00202
AHALL00302_AHALL00402,AHALL00402,AHALL00302
AHALL00303_AHALL00203,AHALL00303,AHALL00203
AHALL00303_AHALL00403,AHALL00403,AHALL00303
AHALL00303_ALABS00203,ALABS00203,AHALL00303
AHALL003L2_AHALL004L2,AHALL003L2,AHALL004L2
AHALL00401_ADEPT00101,ADEPT00101,AHALL00401
AHALL00401_AHALL00301,AHALL00401,AHALL00301
AHALL00401_AHALL00501,AHALL00501,AHALL00401
AHALL00401_AHALL00801,AHALL00401,AHALL00801
AHALL00402_AELEV00S02,AELEV00S02,AHALL00402
AHALL00402_AHALL00302,AHALL00402,AHALL00302
AHALL00402_AHALL00502,AHALL00502,AHALL00402
AHALL00403_AHALL00303,AHALL00403,AHALL00303
AHALL00403_AHALL00503,AHALL00503,AHALL00403
AHALL0040G_AHALL0120G,AHALL0040G,AHALL0120G
AHALL004L2_ALABS001L2,AHALL004L2,ALABS001L2
AHALL00501_AHALL00401,AHALL00501,AHALL00401
AHALL00501_AHALL00601,AHALL00601,AHALL00501
AHALL00501_AHALL00701,AHALL00701,AHALL00501
AHALL00502_ADEPT00102,ADEPT00102,AHALL00502
AHALL00502_AHALL00402,AHALL00502,AHALL00402
AHALL00503_ACONF00103,ACONF00103,AHALL00503
AHALL00503_AHALL00403,AHALL00503,AHALL00403
AHALL0050G_AHALL0010G,AHALL0050G,AHALL0010G
AHALL00601_ADEPT00201,AHALL00601,ADEPT00201
AHALL00601_AHALL00501,AHALL00601,AHALL00501
AHALL00602_AHALL00102,AHALL00602,AHALL00102
AHALL00602_WHALL01002,AHALL00602,WHALL01002
AHALL00603_AHALL00503,AHALL00603,AHALL00503
AHALL0060G_AHALL0150G,AHALL0060G,AHALL0150G
AHALL00701_ADEPT00301,AHALL00701,ADEPT00301
AHALL00701_AHALL00501,AHALL00701,AHALL00501
AHALL0070G_AHALL0050G,AHALL0070G,AHALL0050G
AHALL00801_AELEV00S01,AELEV00S01,AHALL00801
AHALL00801_AHALL00301,AHALL00801,AHALL00301
AHALL00801_AHALL00401,AHALL00401,AHALL00801
AHALL0080G_AHALL0060G,AHALL0080G,AHALL0060G
AHALL0080G_AHALL0140G,AHALL0080G,AHALL0140G
AHALL00901_AHALL00101,AHALL00101,AHALL00901
AHALL00901_AHALL00201,AHALL00201,AHALL00901
AHALL00901_AHALL01001,AHALL00901,AHALL01001
AHALL0090G_AHALL0140G,AHALL0090G,AHALL0140G
AHALL01001_AHALL00101,AHALL01001,AHALL00101
AHALL01001_AHALL00201,AHALL01001,AHALL00201
AHALL01001_ASTAI00101,AHALL01001,ASTAI00101
AHALL0100G_AHALL0080G,AHALL0100G,AHALL0080G
AHALL0110G_AHALL0100G,AHALL0110G,AHALL0100G
AHALL0120G_AHALL0130G,AHALL0120G,AHALL0130G
AHALL0130G_AHALL0020G,AHALL0130G,AHALL0020G
AHALL0140G_AINFO0020G,AHALL0140G,AINFO0020G
AINFO0010G_AHALL0090G,AINFO0010G,AHALL0090G
AINFO001L2_AHALL002L2,AINFO001L2,AHALL002L2
AINFO0020G_AHALL0070G,AINFO0020G,AHALL0070G
ALABS00103_AHALL00203,ALABS00103,AHALL00203
ALABS00203_AHALL00303,ALABS00203,AHALL00303
AREST00101_AHALL00901,AREST00101,AHALL00901
AREST00103_AHALL00603,AREST00103,AHALL00603
ARETL00101_AHALL00101,ARETL00101,AHALL00101
ASTAI00101_AHALL00101,ASTAI00101,AHALL00101
ASTAI00101_AHALL00201,ASTAI00101,AHALL00201
ASTAI00101_ASTAI00102,ASTAI00102,ASTAI00101
ASTAI00101_ASTAI0010G,ASTAI00101,ASTAI0010G
ASTAI00102_AHALL00202,ASTAI00102,AHALL00202
ASTAI00102_ASTAI00101,ASTAI00102,ASTAI00101
ASTAI0010G_AHALL0020G,ASTAI0010G,AHALL0020G
BCONF00102_BHALL03402,BCONF00102,BHALL03402
BDEPT00102_BHALL03802,BDEPT00102,BHALL03802
BDEPT00202_BHALL03402,BDEPT00202,BHALL03402
BDEPT00302_WELEV00J02,BDEPT00302,WELEV00J02
BDEPT00402_BHALL00602,BDEPT00402,BHALL00602
BDEPT00602_BHALL03302,BDEPT00602,BHALL03302
BDEPT00702_BHALL01702,BDEPT00702,BHALL01702
BDEPT00802_BSTAI00602,BDEPT00802,BSTAI00602
BDEPT00902_BHALL01402,BDEPT00902,BHALL01402
BDEPT00902_WELEV00E02,BDEPT00902,WELEV00E02
BHALL00102_BHALL00202,BHALL00102,BHALL00202
BHALL00102_BSTAI01002,BHALL00102,BSTAI01002
BHALL00202_BHALL00502,BHALL00202,BHALL00502
BHALL00202_BSTAI00202,BHALL00202,BSTAI00202
BHALL00302_BHALL03402,BHALL00302,BHALL03402
BHALL00302_WELEV00K02,BHALL00302,WELEV00K02
BHALL00402_BHALL03102,BHALL00402,BHALL03102
BHALL00402_BLABS00102,BHALL00402,BLABS00102
BHALL00402_BREST00302,BHALL00402,BREST00302
BHALL00502_BDEPT00302,BHALL00502,BDEPT00302
BHALL00502_BDEPT00402,BHALL00502,BDEPT00402
BHALL00502_WELEV00J02,BHALL00502,WELEV00J02
BHALL00602_BHALL00702,BHALL00602,BHALL00702
BHALL00602_BHALL01802,BHALL00602,BHALL01802
BHALL00602_BREST00202,BHALL00602,BREST00202
BHALL00702_BHALL01002,BHALL00702,BHALL01002
BHALL00702_BHALL01502,BHALL00702,BHALL01502
BHALL00802_BSTAI00302,BHALL00802,BSTAI00302
BHALL00902_BHALL03702,BHALL00902,BHALL03702
BHALL01002_BHALL01602,BHALL01002,BHALL01602
BHALL01102_BHALL01002,BHALL01102,BHALL01002
BHALL01102_BHALL01202,BHALL01102,BHALL01202
BHALL01102_BHALL02302,BHALL01102,BHALL02302
BHALL01202_BHALL01302,BHALL01202,BHALL01302
BHALL01202_BSTAI00502,BHALL01202,BSTAI00502
BHALL01202_WELEV00G02,BHALL01202,WELEV00G02
BHALL01302_BDEPT00802,BHALL01302,BDEPT00802
BHALL01302_BINFO00202,BHALL01302,BINFO00202
BHALL01402_WHALL00102,BHALL01402,WHALL00102
BHALL01802_BDEPT00502,BHALL01802,BDEPT00502
BHALL01902_BDEPT00502,BHALL01902,BDEPT00502
BHALL01902_BHALL02002,BHALL01902,BHALL02002
BHALL01902_BHALL04102,BHALL01902,BHALL04102
BHALL02002_BHALL02102,BHALL02002,BHALL02102
BHALL02002_BHALL04202,BHALL02002,BHALL04202
BHALL02102_BSERV00102,BHALL02102,BSERV00102
BHALL02202_BHALL02102,BHALL02202,BHALL02102
BHALL02202_BHALL02302,BHALL02202,BHALL02302
BHALL02302_BINFO00102,BHALL02302,BINFO00102
BHALL02502_BHALL02602,BHALL02502,BHALL02602
BHALL02602_BHALL01402,BHALL02602,BHALL01402
BHALL02602_BHALL02702,BHALL02602,BHALL02702
BHALL02702_BHALL02802,BHALL02702,BHALL02802
BHALL03002_BHALL03302,BHALL03002,BHALL03302
BHALL03002_BREST00502,BHALL03002,BREST00502
BHALL03002_BSTAI00702,BHALL03002,BSTAI00702
BHALL03102_BHALL03302,BHALL03102,BHALL03302
BHALL03102_BSTAI00802,BHALL03102,BSTAI00802
BHALL03502_BHALL00302,BHALL03502,BHALL00302
BHALL03502_BHALL00402,BHALL03502,BHALL00402
BHALL03602_BHALL03802,BHALL03602,BHALL03802
BHALL03702_BHALL03602,BHALL03702,BHALL03602
BHALL04102_BHALL04202,BHALL04102,BHALL04202
BHALL04102_WELEV00H02,BHALL04102,WELEV00H02
BHALL04202_BHALL04302,BHALL04202,BHALL04302
BHALL04202_WELEV00H02,BHALL04202,WELEV00H02
BHALL04302_BHALL02902,BHALL04302,BHALL02902
BHALL04402_BHALL02802,BHALL04402,BHALL02802
BHALL04402_BINFO00202,BHALL04402,BINFO00202
BHALL04402_WELEV00F02,BHALL04402,WELEV00F02
BINFO00102_BHALL04402,BINFO00102,BHALL04402
BINFO00102_BLABS00202,BINFO00102,BLABS00202
BINFO00202_BHALL02502,BINFO00202,BHALL02502
BINFO00202_WELEV00F02,BINFO00202,WELEV00F02
BREST00102_BHALL03402,BREST00102,BHALL03402
BREST00202_BHALL00802,BREST00202,BHALL00802
BREST00302_BSTAI00902,BREST00302,BSTAI00902
BREST00402_BHALL03202,BREST00402,BHALL03202
BREST00502_BHALL02902,BREST00502,BHALL02902
BSTAI00102_BHALL00102,BSTAI00102,BHALL00102
BSTAI00102_WHALL00402,WHALL00402,BSTAI00102
BSTAI00202_BHALL03802,BSTAI00202,BHALL03802
BSTAI00502_BDEPT00702,BSTAI00502,BDEPT00702
BSTAI00502_WELEV00G02,BSTAI00502,WELEV00G02
BSTAI00602_BDEPT00902,BSTAI00602,BDEPT00902
BSTAI00602_WELEV00E02,BSTAI00602,WELEV00E02
BSTAI00702_ESTAI00301,BSTAI00702,ESTAI00301
BSTAI00802_BREST00402,BSTAI00802,BREST00402
BSTAI00802_ESTAI00401,BSTAI00802,ESTAI00401
BSTAI00902_WHALL00602,BSTAI00902,WHALL00602
BSTAI01002_BHALL00302,BSTAI01002,BHALL00302
BSTAI01002_WELEV00K02,BSTAI01002,WELEV00K02
CCONF002L1_WELEV00HL1,CCONF002L1,WELEV00HL1
CCONF003L1_CHALL002L1,CCONF003L1,CHALL002L1
CDEPT002L1_CDEPT003L1,CDEPT002L1,CDEPT003L1
CDEPT003L1_CHALL014L1,CDEPT003L1,CHALL014L1
CDEPT004L1_CHALL002L1,CDEPT004L1,CHALL002L1
CHALL001L1_CREST001L1,CHALL001L1,CREST001L1
CHALL001L2_WELEV00JL2,CHALL001L2,WELEV00JL2
CHALL002L1_CSERV001L1,CHALL002L1,CSERV001L1
CHALL002L2_CREST001L2,CHALL002L2,CREST001L2
CHALL003L1_CCONF003L1,CHALL003L1,CCONF003L1
CHALL003L1_CLABS004L1,CHALL003L1,CLABS004L1
CHALL003L2_CHALL002L2,CHALL003L2,CHALL002L2
CHALL003L2_WELEV00KL2,CHALL003L2,WELEV00KL2
CHALL004L1_CREST004L1,CHALL004L1,CREST004L1
CHALL004L2_CHALL003L2,CHALL004L2,CHALL003L2
CHALL005L1_WELEV00ML1,CHALL005L1,WELEV00ML1
CHALL005L2_CHALL006L2,CHALL005L2,CHALL006L2
CHALL005L2_WELEV00ML2,CHALL005L2,WELEV00ML2
CHALL006L1_CHALL007L1,CHALL006L1,CHALL007L1
CHALL006L2_CHALL007L2,CHALL006L2,CHALL007L2
CHALL007L1_CHALL008L1,CHALL007L1,CHALL008L1
CHALL007L2_CHALL008L2,CHALL007L2,CHALL008L2
CHALL008L1_CDEPT004L1,CHALL008L1,CDEPT004L1
CHALL008L1_WELEV00KL1,CHALL008L1,WELEV00KL1
CHALL008L2_CHALL009L2,CHALL008L2,CHALL009L2
CHALL008L2_WELEV00LL2,CHALL008L2,WELEV00LL2
CHALL009L1_CHALL010L1,CHALL009L1,CHALL010L1
CHALL009L1_CRETL001L1,CHALL009L1,CRETL001L1
CHALL009L2_CHALL010L2,CHALL009L2,CHALL010L2
CHALL010L1_CREST003L1,CHALL010L1,CREST003L1
CHALL010L2_CHALL004L2,CHALL010L2,CHALL004L2
CHALL011L1_WELEV00JL1,CHALL011L1,WELEV00JL1
CHALL012L1_CHALL013L1,CHALL012L1,CHALL013L1
CHALL013L1_CDEPT002L1,CHALL013L1,CDEPT002L1
CHALL014L1_WELEV00LL1,CHALL014L1,WELEV00LL1
CHALL015L1_CCONF001L1,CHALL015L1,CCONF001L1
CHALL015L1_CHALL011L1,CHALL015L1,CHALL011L1
CLABS001L1_CREST002L1,CLABS001L1,CREST002L1
CLABS001L2_CHALL001L2,CLABS001L2,CHALL001L2
CLABS002L1_CHALL005L1,CLABS002L1,CHALL005L1
CLABS002L1_CREST001L1,CLABS002L1,CREST001L1
CLABS002L2_WELEV00KL2,CLABS002L2,WELEV00KL2
CLABS003L1_CHALL006L1,CLABS003L1,CHALL006L1
CLABS004L1_CLABS003L1,CLABS004L1,CLABS003L1
CLABS005L1_CHALL003L1,CLABS005L1,CHALL003L1
CREST001L2_CLABS001L2,CREST001L2,CLABS001L2
CREST002L1_CHALL006L1,CREST002L1,CHALL006L1
CREST002L2_CSERV001L2,CREST002L2,CSERV001L2
CREST003L1_CHALL015L1,CREST003L1,CHALL015L1
CREST004L1_CLABS005L1,CREST004L1,CLABS005L1
CRETL001L1_CHALL012L1,CRETL001L1,CHALL012L1
CSERV001L1_CCONF002L1,CSERV001L1,CCONF002L1
CSERV001L2_CLABS002L2,CSERV001L2,CLABS002L2
DDEPT00302_DHALL04102,DDEPT00302,DHALL04102
DHALL00102_DHALL00202,DHALL00102,DHALL00202
DHALL00202_DHALL00302,DHALL00202,DHALL00302
DHALL00302_DHALL00402,DHALL00302,DHALL00402
DHALL00302_DHALL00502,DHALL00302,DHALL00502
DHALL00502_DHALL00602,DHALL00502,DHALL00602
DHALL00602_DHALL00702,DHALL00602,DHALL00702
DHALL00702_DHALL00802,DHALL00702,DHALL00802
DHALL00802_DHALL00902,DHALL00802,DHALL00902
DHALL00902_DHALL01002,DHALL00902,DHALL01002
DHALL00902_DSTAI00102,DHALL00902,DSTAI00102
DHALL01002_DHALL01102,DHALL01002,DHALL01102
DHALL01102_DHALL01202,DHALL01102,DHALL01202
DHALL01202_DCONF00102,DHALL01202,DCONF00102
DHALL01202_DHALL01302,DHALL01202,DHALL01302
DHALL01202_DHALL01602,DHALL01202,DHALL01602
DHALL01302_DHALL01402,DHALL01302,DHALL01402
DHALL01402_DHALL01502,DHALL01402,DHALL01502
DHALL01502_DELEV00A02,DHALL01502,DELEV00A02
DHALL01602_DHALL01702,DHALL01602,DHALL01702
DHALL01702_DHALL01802,DHALL01702,DHALL01802
DHALL01702_DHALL01902,DHALL01702,DHALL01902
DHALL01902_DHALL02602,DHALL01902,DHALL02602
DHALL01902_DHALL06002,DHALL01902,DHALL06002
DHALL02002_DHALL02102,DHALL02002,DHALL02102
DHALL02102_DHALL02202,DHALL02102,DHALL02202
DHALL02202_DHALL02302,DHALL02202,DHALL02302
DHALL02202_DRETL00102,DHALL02202,DRETL00102
DHALL02302_DHALL02402,DHALL02302,DHALL02402
DHALL02302_DSTAI00302,DHALL02302,DSTAI00302
DHALL02402_DHALL02502,DHALL02402,DHALL02502
DHALL02602_DHALL02702,DHALL02602,DHALL02702
DHALL02602_DHALL02802,DHALL02602,DHALL02802
DHALL02702_DDEPT00102,DHALL02702,DDEPT00102
DHALL02702_DDEPT00202,DHALL02702,DDEPT00202
DHALL02702_DEXIT00102,DHALL02702,DEXIT00102
DHALL02802_DHALL02902,DHALL02802,DHALL02902
DHALL02802_DINFO00102,DHALL02802,DINFO00102
DHALL02902_DHALL03002,DHALL02902,DHALL03002
DHALL02902_DSTAI00402,DHALL02902,DSTAI00402
DHALL03002_DHALL03102,DHALL03002,DHALL03102
DHALL03002_DHALL03202,DHALL03002,DHALL03202
DHALL03102_DELEV00B02,DHALL03102,DELEV00B02
DHALL03102_DREST00102,DHALL03102,DREST00102
DHALL03202_DHALL03302,DHALL03202,DHALL03302
DHALL03202_DHALL03402,DHALL03202,DHALL03402
DHALL03302_DSTAI00502,DHALL03302,DSTAI00502
DHALL03402_DHALL03502,DHALL03402,DHALL03502
DHALL03402_DHALL04002,DHALL03402,DHALL04002
DHALL03402_DHALL04302,DHALL03402,DHALL04302
DHALL03502_DHALL03602,DHALL03502,DHALL03602
DHALL03602_DHALL03702,DHALL03602,DHALL03702
DHALL03702_DHALL03802,DHALL03702,DHALL03802
DHALL03702_DSTAI00602,DHALL03702,DSTAI00602
DHALL03802_DELEV00C02,DHALL03802,DELEV00C02
DHALL03802_DHALL03902,DHALL03802,DHALL03902
DHALL04002_DDEPT00302,DHALL04002,DDEPT00302
DHALL04002_DREST00202,DHALL04002,DREST00202
DHALL04102_DHALL04202,DHALL04102,DHALL04202
DHALL04102_DSTAI00702,DHALL04102,DSTAI00702
DHALL04302_DHALL04402,DHALL04302,DHALL04402
DHALL04302_DHALL04602,DHALL04302,DHALL04602
DHALL04402_DHALL04502,DHALL04402,DHALL04502
DHALL04602_DHALL04702,DHALL04602,DHALL04702
DHALL04602_DLABS00102,DHALL04602,DLABS00102
DHALL04702_DHALL04802,DHALL04702,DHALL04802
DHALL04802_DHALL04902,DHALL04802,DHALL04902
DHALL04802_DHALL05002,DHALL04802,DHALL05002
DHALL05002_DHALL05102,DHALL05002,DHALL05102
DHALL05002_DREST00302,DHALL05002,DREST00302
DHALL05102_DHALL05202,DHALL05102,DHALL05202
DHALL05102_DHALL05302,DHALL05102,DHALL05302
DHALL05202_DSTAI00802,DHALL05202,DSTAI00802
DHALL05302_DHALL05402,DHALL05302,DHALL05402
DHALL05302_DREST00402,DHALL05302,DREST00402
DHALL05402_DHALL05502,DHALL05402,DHALL05502
DHALL05402_DINFO00202,DHALL05402,DINFO00202
DHALL05502_DHALL05602,DHALL05502,DHALL05602
DHALL05502_DHALL05902,DHALL05502,DHALL05902
DHALL05602_DHALL05702,DHALL05602,DHALL05702
DHALL05702_DELEV00D02,DHALL05702,DELEV00D02
DHALL05702_DHALL05802,DHALL05702,DHALL05802
DHALL05902_DDEPT00402,DHALL05902,DDEPT00402
DHALL06002_DHALL02002,DHALL06002,DHALL02002
DHALL06002_DSTAI00202,DHALL06002,DSTAI00202
EDEPT00201_EDEPT00301,EDEPT00201,EDEPT00301
EDEPT00301_EHALL02101,EDEPT00301,EHALL02101
EDEPT00401_EHALL03101,EDEPT00401,EHALL03101
EDEPT00401_EHALL03201,EDEPT00401,EHALL03201
EHALL00301_EHALL00401,EHALL00301,EHALL00401
EHALL00301_WELEV00K01,EHALL00301,WELEV00K01
EHALL00401_EHALL00501,EHALL00401,EHALL00501
EHALL00401_ESTAI00201,EHALL00401,ESTAI00201
EHALL00501_EHALL00601,EHALL00501,EHALL00601
EHALL00601_EHALL00701,EHALL00601,EHALL00701
EHALL00601_EHALL00801,EHALL00601,EHALL00801
EHALL00701_EDEPT00101,EHALL00701,EDEPT00101
EHALL00701_WELEV00J01,EHALL00701,WELEV00J01
EHALL00801_EHALL00901,EHALL00801,EHALL00901
EHALL00801_EINFO00101,EHALL00801,EINFO00101
EHALL00901_EHALL01001,EHALL00901,EHALL01001
EHALL00901_EHALL01101,EHALL00901,EHALL01101
EHALL01101_EHALL01201,EHALL01101,EHALL01201
EHALL01101_EHALL01501,EHALL01101,EHALL01501
EHALL01201_EHALL01301,EHALL01201,EHALL01301
EHALL01301_EHALL01401,EHALL01301,EHALL01401
EHALL01401_EHALL02401,EHALL01401,EHALL02401
EHALL01501_EHALL01601,EHALL01501,EHALL01601
EHALL01601_EHALL01701,EHALL01601,EHALL01701
EHALL01601_EHALL01801,EHALL01601,EHALL01801
EHALL01801_EHALL02501,EHALL01801,EHALL02501
EHALL01801_WELEV00G01,EHALL01801,WELEV00G01
EHALL01901_EDEPT00201,EHALL01901,EDEPT00201
EHALL01901_EHALL02001,EHALL01901,EHALL02001
EHALL02001_ELABS00101,EHALL02001,ELABS00101
EHALL02001_EREST00101,EHALL02001,EREST00101
EHALL02101_EHALL02201,EHALL02101,EHALL02201
EHALL02201_EHALL02301,EHALL02201,EHALL02301
EHALL02201_WELEV00E01,EHALL02201,WELEV00E01
EHALL02401_EHALL02501,EHALL02401,EHALL02501
EHALL02401_EHALL02901,EHALL02401,EHALL02901
EHALL02501_EHALL02801,EHALL02501,EHALL02801
EHALL02501_EREST00201,EHALL02501,EREST00201
EHALL02601_EHALL02701,EHALL02601,EHALL02701
EHALL02901_EHALL03001,EHALL02901,EHALL03001
EHALL02901_WELEV00H01,EHALL02901,WELEV00H01
EHALL03001_ESTAI00301,EHALL03001,ESTAI00301
EHALL03101_EHALL03401,EHALL03101,EHALL03401
EHALL03101_EHALL03501,EHALL03101,EHALL03501
EHALL03201_EHALL03301,EHALL03201,EHALL03301
EHALL03301_ESTAI00401,EHALL03301,ESTAI00401
EHALL03501_EHALL03601,EHALL03501,EHALL03601
ELABS00201_EDEPT00401,ELABS00201,EDEPT00401
EREST00101_EEXIT00201,EREST00101,EEXIT00201
EREST00201_WELEV00F01,EREST00201,WELEV00F01
EREST00301_ELABS00201,EREST00301,ELABS00201
ESTAI00101_EHALL00301,ESTAI00101,EHALL00301
ESTAI00201_EEXIT00101,ESTAI00201,EEXIT00101
ESTAI00301_EREST00301,ESTAI00301,EREST00301
FDEPT00101_FHALL01301,FDEPT00101,FHALL01301
FDEPT00201_FHALL02001,FDEPT00201,FHALL02001
FDEPT00301_FHALL01701,FDEPT00301,FHALL01701
FDEPT00401_FHALL02101,FDEPT00401,FHALL02101
FDEPT00501_FEXIT00301,FDEPT00501,FEXIT00301
FHALL00101_FHALL00201,FHALL00101,FHALL00201
FHALL00101_WHALL00101,FHALL00101,WHALL00101
FHALL00201_FHALL00301,FHALL00201,FHALL00301
FHALL00201_FSTAI00101,FHALL00201,FSTAI00101
FHALL00301_FEXIT00101,FHALL00301,FEXIT00101
FHALL00301_FHALL00401,FHALL00301,FHALL00401
FHALL00401_FHALL00501,FHALL00401,FHALL00501
FHALL00501_FSERV00101,FHALL00501,FSERV00101
FHALL00601_FHALL00501,FHALL00601,FHALL00501
FHALL00701_WELEV00L01,FHALL00701,WELEV00L01
FHALL00801_FHALL00701,FHALL00801,FHALL00701
FHALL00901_FHALL00801,FHALL00901,FHALL00801
FHALL00901_FHALL01301,FHALL00901,FHALL01301
FHALL01001_FHALL01301,FHALL01001,FHALL01301
FHALL01101_FHALL00901,FHALL01101,FHALL00901
FHALL01201_FHALL01101,FHALL01201,FHALL01101
FHALL01401_FHALL01101,FHALL01401,FHALL01101
FHALL01401_FSERV00201,FHALL01401,FSERV00201
FHALL01501_FHALL01401,FHALL01501,FHALL01401
FHALL01601_FHALL01501,FHALL01601,FHALL01501
FHALL01701_FHALL01801,FHALL01701,FHALL01801
FHALL01801_FHALL00701,FHALL01801,FHALL00701
FHALL01801_FHALL03201,FHALL01801,FHALL03201
FHALL01901_FHALL01601,FHALL01901,FHALL01601
FHALL01901_FHALL02001,FHALL01901,FHALL02001
FHALL01901_FHALL02101,FHALL01901,FHALL02101
FHALL02201_FHALL02101,FHALL02201,FHALL02101
FHALL02201_FHALL02801,FHALL02201,FHALL02801
FHALL02201_WELEV00M01,FHALL02201,WELEV00M01
FHALL02301_FHALL02401,FHALL02301,FHALL02401
FHALL02401_FHALL02501,FHALL02401,FHALL02501
FHALL02501_FHALL02601,FHALL02501,FHALL02601
FHALL02601_FHALL03101,FHALL02601,FHALL03101
FHALL02701_FHALL02601,FHALL02701,FHALL02601
FHALL02701_FHALL03301,FHALL02701,FHALL03301
FHALL02801_FEXIT00201,FHALL02801,FEXIT00201
FHALL02901_FHALL02801,FHALL02901,FHALL02801
FHALL02901_FINFO00101,FHALL02901,FINFO00101
FHALL03101_FHALL00201,FHALL03101,FHALL00201
FHALL03101_FREST00101,FHALL03101,FREST00101
FHALL03201_FDEPT00601,FHALL03201,FDEPT00601
FHALL03201_FHALL01601,FHALL03201,FHALL01601
FHALL03301_FDEPT00501,FHALL03301,FDEPT00501
FLABS00101_FHALL02301,FLABS00101,FHALL02301
FRETL00101_FHALL00401,FRETL00101,FHALL00401
FRETL00201_FHALL03001,FRETL00201,FHALL03001
FSERV00301_FHALL02001,FSERV00301,FHALL02001
FSERV00401_FHALL01701,FSERV00401,FHALL01701
FSERV00501_FHALL02901,FSERV00501,FHALL02901
FSERV00501_FHALL03001,FSERV00501,FHALL03001
FSTAI00201_FHALL01001,FSTAI00201,FHALL01001
FSTAI00301_FHALL02501,FSTAI00301,FHALL02501
GDEPT00403_GELEV00Q03,GDEPT00403,GELEV00Q03
GDEPT00403_GHALL01003,GDEPT00403,GHALL01003
GDEPT00702_GHALL00502,GDEPT00702,GHALL00502
GDEPT01403_GELEV00N03,GDEPT01403,GELEV00N03
GDEPT01403_GSERV01603,GDEPT01403,GSERV01603
GDEPT01901_GCONF02001,GDEPT01901,GCONF02001
GDEPT02402_GHALL01702,GDEPT02402,GHALL01702
GDEPT02402_GHALL03002,GDEPT02402,GHALL03002
GDEPT03502_GHALL03002,GDEPT03502,GHALL03002
GELEV00N01_GELEV00N02,GELEV00N01,GELEV00N02
GELEV00N01_GELEV00N03,GELEV00N01,GELEV00N03
GELEV00N02_GDEPT02402,GELEV00N02,GDEPT02402
GELEV00N02_GELEV00N03,GELEV00N02,GELEV00N03
GELEV00Q01_GDEPT01901,GELEV00Q01,GDEPT01901
GELEV00Q01_GELEV00Q02,GELEV00Q01,GELEV00Q02
GELEV00Q01_GELEV00Q03,GELEV00Q01,GELEV00Q03
GELEV00Q02_GELEV00Q03,GELEV00Q02,GELEV00Q03
GELEV00Q02_GREST03102,GELEV00Q02,GREST03102
GELEV00Q03_GHALL00603,GELEV00Q03,GHALL00603
GELEV00QL1_GELEV00Q01,GELEV00QL1,GELEV00Q01
GELEV00QL1_GELEV00Q02,GELEV00QL1,GELEV00Q02
GELEV00QL1_GELEV00Q03,GELEV00QL1,GELEV00Q03
GELEV00QL2_GELEV00Q01,GELEV00QL2,GELEV00Q01
GELEV00QL2_GELEV00Q02,GELEV00QL2,GELEV00Q02
GELEV00QL2_GELEV00Q03,GELEV00QL2,GELEV00Q03
GELEV00QL2_GELEV00QL1,GELEV00QL2,GELEV00QL1
GELEV00QL2_GHALL007L2,GELEV00QL2,GHALL007L2
GEXIT00101_GHALL00201,GEXIT00101,GHALL00201
GEXIT00101_GSTAI01301,GEXIT00101,GSTAI01301
GEXIT001L1_GHALL002L1,GEXIT001L1,GHALL002L1
GHALL00102_GHALL00302,GHALL00102,GHALL00302
GHALL00103_GHALL00203,GHALL00103,GHALL00203
GHALL001L2_GLABS003L2,GHALL001L2,GLABS003L2
GHALL00201_GHALL00301,GHALL00201,GHALL00301
GHALL00202_GHALL00102,GHALL00202,GHALL00102
GHALL00203_GHALL00303,GHALL00203,GHALL00303
GHALL002L1_GHALL003L1,GHALL002L1,GHALL003L1
GHALL00301_GHALL02101,GHALL00301,GHALL02101
GHALL00302_GHALL00402,GHALL00302,GHALL00402
GHALL00303_GDEPT00403,GHALL00303,GDEPT00403
GHALL003L1_GHALL004L1,GHALL003L1,GHALL004L1
GHALL003L1_GHALL005L1,GHALL003L1,GHALL005L1
GHALL00402_GHALL00202,GHALL00402,GHALL00202
GHALL00402_GREST00602,GHALL00402,GREST00602
GHALL00502_GHALL00302,GHALL00502,GHALL00302
GHALL005L1_GHALL006L1,GHALL005L1,GHALL006L1
GHALL005L1_GSTAI008L1,GHALL005L1,GSTAI008L1
GHALL005L2_GELEV00QL2,GHALL005L2,GELEV00QL2
GHALL00601_GHALL00701,GHALL00601,GHALL00701
GHALL00601_GREST01201,GHALL00601,GREST01201
GHALL00601_GSTAI01301,GHALL00601,GSTAI01301
GHALL00603_GHALL00703,GHALL00603,GHALL00703
GHALL00603_GHALL00803,GHALL00603,GHALL00803
GHALL006L1_GELEV007L1,GHALL006L1,GELEV00QL1
GHALL00701_GHALL00801,GHALL00701,GHALL00801
GHALL00701_GHALL01701,GHALL00701,GHALL01701
GHALL007L2_GHALL008L2,GHALL007L2,GHALL008L2
GHALL007L2_GHALL009L2,GHALL007L2,GHALL009L2
GHALL00801_GHALL00901,GHALL00801,GHALL00901
GHALL00803_GSTAI00903,GHALL00803,GSTAI00903
GHALL00901_GHALL01001,GHALL00901,GHALL01001
GHALL009L2_GHALL010L2,GHALL009L2,GHALL010L2
GHALL01002_GDEPT00702,GHALL01002,GDEPT00702
GHALL01002_GREST00602,GHALL01002,GREST00602
GHALL01003_GHALL01103,GHALL01003,GHALL01103
GHALL01003_GHALL01303,GHALL01003,GHALL01303
GHALL010L2_GHALL011L2,GHALL010L2,GHALL011L2
GHALL01102_GDEPT00702,GHALL01102,GDEPT00702
GHALL01102_GHALL01202,GHALL01102,GHALL01202
GHALL01103_GREST01203,GHALL01103,GREST01203
GHALL011L2_GHALL012L2,GHALL011L2,GHALL012L2
GHALL01202_GHALL01002,GHALL01202,GHALL01002
GHALL012L2_GHALL013L2,GHALL012L2,GHALL013L2
GHALL01302_GHALL01102,GHALL01302,GHALL01102
GHALL01303_GDEPT01403,GHALL01303,GDEPT01403
GHALL013L2_GLABS014L2,GHALL013L2,GLABS014L2
GHALL01401_GHALL00801,GHALL01401,GHALL00801
GHALL01401_GHALL01501,GHALL01401,GHALL01501
GHALL01402_GHALL01202,GHALL01402,GHALL01202
GHALL01402_GHALL01302,GHALL01402,GHALL01302
GHALL01501_GHALL01601,GHALL01501,GHALL01601
GHALL01502_GHALL01302,GHALL01502,GHALL01302
GHALL01602_GHALL01402,GHALL01602,GHALL01402
GHALL01602_GHALL01502,GHALL01602,GHALL01502
GHALL016L2_GHALL017L2,GHALL016L2,GHALL017L2
GHALL01701_GELEV00Q01,GHALL01701,GELEV00Q01
GHALL01702_GHALL01602,GHALL01702,GHALL01602
GHALL01702_GINFO01902,GHALL01702,GINFO01902
GHALL01802_GHALL02002,GHALL01802,GHALL02002
GHALL02002_GHALL02102,GHALL02002,GHALL02102
GHALL02002_GHALL02202,GHALL02002,GHALL02202
GHALL02101_GHALL02201,GHALL02101,GHALL02201
GHALL02101_GHALL02801,GHALL02101,GHALL02801
GHALL02102_GHALL02302,GHALL02102,GHALL02302
GHALL02102_GINFO01902,GHALL02102,GINFO01902
GHALL02201_GSERV02301,GHALL02201,GSERV02301
GHALL02202_GHALL02302,GHALL02202,GHALL02302
GHALL02202_WHALL00802,GHALL02202,WHALL00802
GHALL02302_GHALL02702,GHALL02302,GHALL02702
GHALL02401_GELEV00N01,GHALL02401,GELEV00N01
GHALL02702_GSTAI02602,GHALL02702,GSTAI02602
GHALL02801_GHALL02901,GHALL02801,GHALL02901
GHALL02901_GHALL03001,GHALL02901,GHALL03001
GHALL02902_GHALL02702,GHALL02902,GHALL02702
GHALL03001_GHALL03101,GHALL03001,GHALL03101
GHALL03001_GHALL03301,GHALL03001,GHALL03301
GHALL03002_GREST03102,GHALL03002,GREST03102
GHALL03202_GSTAI02802,GHALL03202,GSTAI02802
GHALL03301_GHALL03401,GHALL03301,GHALL03401
GHALL03302_GHALL03202,GHALL03302,GHALL03202
GHALL03302_GHALL03402,GHALL03302,GHALL03402
GHALL03401_GRETL03501,GHALL03401,GRETL03501
GHALL03402_GHALL02902,GHALL03402,GHALL02902
GHALL03602_GDEPT03502,GHALL03602,GDEPT03502
GHALL03702_GHALL03302,GHALL03702,GHALL03302
GHALL03702_GHALL03602,GHALL03702,GHALL03602
GHALL03702_GHALL03802,GHALL03702,GHALL03802
GHALL03802_GHALL03402,GHALL03802,GHALL03402
GINFO01902_GHALL01802,GINFO01902,GHALL01802
GLABS003L2_GREST004L2,GLABS003L2,GREST004L2
GLABS014L2_GLABS015L2,GLABS014L2,GLABS015L2
GLABS015L2_GHALL016L2,GLABS015L2,GHALL016L2
GREST004L2_GHALL005L2,GREST004L2,GHALL005L2
GREST00602_GHALL00502,GREST00602,GHALL00502
GREST03102_GHALL03202,GREST03102,GHALL03202
GSERV02301_GHALL02401,GSERV02301,GHALL02401
GSTAI00501_GHALL00601,GSTAI00501,GHALL00601
GSTAI008L1_GSTAI01301,GSTAI008L1,GSTAI01301
GSTAI00903_GSTAI02602,GSTAI00903,GSTAI02602
GSTAI02602_GELEV00N02,GSTAI02602,GELEV00N02
GSTAI02802_GHALL02902,GSTAI02802,GHALL02902
GSTAI02802_GSTAI00501,GSTAI02802,GSTAI00501
HHALL00102_HHALL00202,HHALL00102,HHALL00202
HHALL00102_HHALL00402,HHALL00102,HHALL00402
HHALL00202_HHALL00302,HHALL00202,HHALL00302
HHALL00202_HRETL00102,HHALL00202,HRETL00102
HHALL00203_HLABS00103,HHALL00203,HLABS00103
HHALL00302_HSTAI00102,HHALL00302,HSTAI00102
HHALL00302_WHALL00302,HHALL00302,WHALL00302
HHALL00303_HHALL00103,HHALL00303,HHALL00103
HHALL00303_HHALL00203,HHALL00303,HHALL00203
HHALL00402_HHALL00502,HHALL00402,HHALL00502
HHALL00403_HHALL00303,HHALL00403,HHALL00303
HHALL00502_HHALL00602,HHALL00502,HHALL00602
HHALL00502_HRETL00202,HHALL00502,HRETL00202
HHALL00502_HRETL00302,HHALL00502,HRETL00302
HHALL00503_HHALL00403,HHALL00503,HHALL00403
HHALL00503_HSTAI00103,HHALL00503,HSTAI00103
HHALL00602_HHALL00702,HHALL00602,HHALL00702
HHALL00603_HHALL00703,HHALL00603,HHALL00703
HHALL00702_HHALL00802,HHALL00702,HHALL00802
HHALL00702_HSTAI00202,HHALL00702,HSTAI00202
HHALL00703_HDEPT00103,HHALL00703,HDEPT00103
HHALL00703_HHALL00803,HHALL00703,HHALL00803
HHALL00802_HHALL00902,HHALL00802,HHALL00902
HHALL00802_HSTAI00302,HHALL00802,HSTAI00302
HHALL00803_HHALL00903,HHALL00803,HHALL00903
HHALL00803_HSERV00103,HHALL00803,HSERV00103
HHALL00902_WELEV00M02,HHALL00902,WELEV00M02
HHALL00902_WHALL00702,HHALL00902,WHALL00702
HHALL00903_HHALL01003,HHALL00903,HHALL01003
HHALL00903_HHALL01103,HHALL00903,HHALL01103
HHALL01002_HDEPT00102,HHALL01002,HDEPT00102
HHALL01002_WHALL00502,HHALL01002,WHALL00502
HHALL01003_HBATH00103,HHALL01003,HBATH00103
HHALL01103_HDEPT00203,HHALL01103,HDEPT00203
HHALL01103_HHALL01203,HHALL01103,HHALL01203
HHALL01203_HHALL01303,HHALL01203,HHALL01303
HHALL01303_HHALL01403,HHALL01303,HHALL01403
HHALL01403_HHALL01503,HHALL01403,HHALL01503
HHALL01503_HBATH00203,HHALL01503,HBATH00203
HHALL01503_HHALL00603,HHALL01503,HHALL00603
HRETL00202_HBATH00102,HRETL00202,HBATH00102
HSTAI00102_FSTAI00101,HSTAI00102,FSTAI00101
IHALL00103_IHALL00203,IHALL00103,IHALL00203
IHALL00103_IREST00103,IHALL00103,IREST00103
IHALL00203_IDEPT00103,IHALL00203,IDEPT00103
IHALL00203_IHALL00303,IHALL00203,IHALL00303
IHALL00303_IDEPT00203,IHALL00303,IDEPT00203
IHALL00303_IHALL00403,IHALL00303,IHALL00403
IHALL00403_IHALL00503,IHALL00403,IHALL00503
IHALL00403_IREST00203,IHALL00403,IREST00203
IHALL00503_IDEPT00303,IHALL00503,IDEPT00303
IHALL00503_IHALL00603,IHALL00503,IHALL00603
IHALL00603_IHALL00703,IHALL00603,IHALL00703
IHALL00703_IDEPT00403,IHALL00703,IDEPT00403
IHALL00703_IHALL00803,IHALL00703,IHALL00803
IHALL00803_IHALL01003,IHALL00803,IHALL01003
IHALL00803_IREST00303,IHALL00803,IREST00303
IHALL01003_IDEPT00503,IHALL01003,IDEPT00503
IHALL01003_IHALL00903,IHALL01003,IHALL00903
IHALL01003_IHALL01103,IHALL01003,IHALL01103
IHALL01003_WELEV00H03,IHALL01003,WELEV00H03
IHALL01203_IHALL01503,IHALL01203,IHALL01503
IHALL01203_WELEV00K03,IHALL01203,WELEV00K03
IHALL01303_IHALL00203,IHALL01303,IHALL00203
IHALL01303_IHALL01203,IHALL01303,IHALL01203
IHALL01303_IHALL01403,IHALL01303,IHALL01403
IHALL01303_IREST00403,IHALL01303,IREST00403
IHALL01403_IHALL01703,IHALL01403,IHALL01703
IHALL01403_IREST00503,IHALL01403,IREST00503
IHALL01703_IHALL01603,IHALL01703,IHALL01603
IHALL01703_IHALL01803,IHALL01703,IHALL01803
IHALL01803_IHALL01903,IHALL01803,IHALL01903
IHALL01903_IDEPT00803,IHALL01903,IDEPT00803
IHALL01903_IHALL02003,IHALL01903,IHALL02003
IHALL02003_IDEPT00903,IHALL02003,IDEPT00903
IHALL02203_IDEPT00603,IHALL02203,IDEPT00603
IHALL02203_IDEPT00703,IHALL02203,IDEPT00703
PHALL00102_DHALL02602,PHALL00102,DHALL02602
WELEV00E01_WELEV00E02,WELEV00E01,WELEV00E02
WELEV00F01_EHALL02601,WELEV00F01,EHALL02601
WELEV00F01_WELEV00F02,WELEV00F01,WELEV00F02
WELEV00G01_EHALL01901,WELEV00G01,EHALL01901
WELEV00G01_WELEV00G02,WELEV00G01,WELEV00G02
WELEV00H01_WELEV00H02,WELEV00H01,WELEV00H02
WELEV00H01_WELEV00H03,WELEV00H01,WELEV00H03
WELEV00H02_WELEV00H03,WELEV00H02,WELEV00H03
WELEV00HL1_CHALL004L1,WELEV00HL1,CHALL004L1
WELEV00HL1_WELEV00H01,WELEV00HL1,WELEV00H01
WELEV00HL1_WELEV00H02,WELEV00HL1,WELEV00H02
WELEV00HL1_WELEV00H03,WELEV00HL1,WELEV00H03
WELEV00J01_WELEV00J02,WELEV00J01,WELEV00J02
WELEV00J01_WELEV00J03,WELEV00J01,WELEV00J03
WELEV00J02_WELEV00J03,WELEV00J02,WELEV00J03
WELEV00J03_IHALL01803,WELEV00J03,IHALL01803
WELEV00J03_IHALL02203,WELEV00J03,IHALL02203
WELEV00JL1_WELEV00J01,WELEV00JL1,WELEV00J01
WELEV00JL1_WELEV00J02,WELEV00JL1,WELEV00J02
WELEV00JL1_WELEV00J03,WELEV00JL1,WELEV00J03
WELEV00JL2_WELEV00J01,WELEV00JL2,WELEV00J01
WELEV00JL2_WELEV00J02,WELEV00JL2,WELEV00J02
WELEV00JL2_WELEV00J03,WELEV00JL2,WELEV00J03
WELEV00JL2_WELEV00JL1,WELEV00JL2,WELEV00JL1
WELEV00K01_WELEV00K02,WELEV00K01,WELEV00K02
WELEV00K01_WELEV00K03,WELEV00K01,WELEV00K03
WELEV00K02_WELEV00K03,WELEV00K02,WELEV00K03
WELEV00KL1_CHALL009L1,WELEV00KL1,CHALL009L1
WELEV00KL1_WELEV00K01,WELEV00KL1,WELEV00K01
WELEV00KL1_WELEV00K02,WELEV00KL1,WELEV00K02
WELEV00KL1_WELEV00K03,WELEV00KL1,WELEV00K03
WELEV00KL2_WELEV00K01,WELEV00KL2,WELEV00K01
WELEV00KL2_WELEV00K02,WELEV00KL2,WELEV00K02
WELEV00KL2_WELEV00K03,WELEV00KL2,WELEV00K03
WELEV00KL2_WELEV00KL1,WELEV00KL2,WELEV00KL1
WELEV00L01_FHALL00601,WELEV00L01,FHALL00601
WELEV00L01_WELEV00L02,WELEV00L01,WELEV00L02
WELEV00L01_WELEV00L03,WELEV00L01,WELEV00L03
WELEV00L02_HHALL00102,WELEV00L02,HHALL00102
WELEV00L02_WELEV00L03,WELEV00L02,WELEV00L03
WELEV00L03_HHALL00603,WELEV00L03,HHALL00603
WELEV00LL1_CHALL001L1,WELEV00LL1,CHALL001L1
WELEV00LL1_WELEV00L01,WELEV00LL1,WELEV00L01
WELEV00LL1_WELEV00L02,WELEV00LL1,WELEV00L02
WELEV00LL1_WELEV00L03,WELEV00LL1,WELEV00L03
WELEV00LL2_WELEV00L01,WELEV00LL2,WELEV00L01
WELEV00LL2_WELEV00L02,WELEV00LL2,WELEV00L02
WELEV00LL2_WELEV00L03,WELEV00LL2,WELEV00L03
WELEV00LL2_WELEV00LL1,WELEV00LL2,WELEV00LL1
WELEV00M01_FHALL02301,WELEV00M01,FHALL02301
WELEV00M01_WELEV00M02,WELEV00M01,WELEV00M02
WELEV00M01_WELEV00M03,WELEV00M01,WELEV00M03
WELEV00M02_HHALL01002,WELEV00M02,HHALL01002
WELEV00M02_WELEV00M03,WELEV00M02,WELEV00M03
WELEV00M03_HHALL00503,WELEV00M03,HHALL00503
WELEV00ML1_CLABS001L1,WELEV00ML1,CLABS001L1
WELEV00ML1_WELEV00M01,WELEV00ML1,WELEV00M01
WELEV00ML1_WELEV00M02,WELEV00ML1,WELEV00M02
WELEV00ML1_WELEV00M03,WELEV00ML1,WELEV00M03
WELEV00ML2_CREST002L2,WELEV00ML2,CREST002L2
WELEV00ML2_WELEV00M01,WELEV00ML2,WELEV00M01
WELEV00ML2_WELEV00M02,WELEV00ML2,WELEV00M02
WELEV00ML2_WELEV00M03,WELEV00ML2,WELEV00M03
WELEV00ML2_WELEV00ML1,WELEV00ML2,WELEV00ML1
WHALL00101_WHALL00201,WHALL00101,WHALL00201
WHALL00102_WHALL00202,WHALL00102,WHALL00202
WHALL00103_WELEV00M03,WHALL00103,WELEV00M03
WHALL00103_WHALL00203,WHALL00103,WHALL00203
WHALL001L2_CHALL005L2,WHALL001L2,CHALL005L2
WHALL001L2_WHALL002L2,WHALL001L2,WHALL002L2
WHALL00201_ESTAI00101,WHALL00201,ESTAI00101
WHALL00202_DDEPT00402,WHALL00202,DDEPT00402
WHALL00203_IHALL00103,WHALL00203,IHALL00103
WHALL002L2_GHALL001L2,WHALL002L2,GHALL001L2
WHALL00302_WHALL00402,WHALL00302,WHALL00402
WHALL00502_WHALL00602,WHALL00502,WHALL00602
WHALL00702_WHALL00802,WHALL00702,WHALL00802
WHALL00902_GHALL03702,WHALL00902,GHALL03702
WHALL00902_WHALL01002,WHALL00902,WHALL01002
